"Guid","AccountId","AssistantName","AssistantPhone","Birthdate","Department","Description","Email","EmailBouncedReason","Fax","FirstName","HomePhone","Jigsaw","LastName","LeadSource","MailingCity","MailingCountry","MailingGeocodeAccuracy","MailingLatitude","MailingLongitude","MailingPostalCode","MailingState","MailingStreet","MobilePhone","OtherCity","OtherCountry","OtherGeocodeAccuracy","OtherLatitude","OtherLongitude","OtherPhone","OtherPostalCode","OtherState","OtherStreet","Phone","Salutation","Title"
198333e6-baf3-433a-ba4d-860ea0e860e2,"#N/A","#N/A","#N/A","#N/A","#N/A","#N/A","#N/A","#N/A","#N/A",Unav,"#N/A","#N/A",case,"#N/A","#N/A","#N/A","#N/A","#N/A","#N/A","#N/A","#N/A","#N/A","#N/A","#N/A","#N/A","#N/A","#N/A","#N/A","#N/A","#N/A","#N/A","#N/A","#N/A","#N/A","#N/A"
1d4d0bc2-988e-41fe-a70e-9bbd4a47f7fb,95d40e43-c7e8-4fe1-a0ad-c0428c9edc7a,"#N/A","#N/A","#N/A","#N/A","#N/A","#N/A","#N/A","#N/A",Krishna,"#N/A","#N/A",Singh,"#N/A","#N/A","#N/A","#N/A","#N/A","#N/A","#N/A","#N/A","#N/A","#N/A","#N/A","#N/A","#N/A","#N/A","#N/A","#N/A","#N/A","#N/A","#N/A",(773) 748-2074,Mr.,"#N/A"
51330972-e71b-4f83-bace-e2d286fd253e,"#N/A","#N/A","#N/A","#N/A","#N/A","#N/A","#N/A","#N/A","#N/A",Unav,"#N/A","#N/A",case,"#N/A","#N/A","#N/A","#N/A","#N/A","#N/A","#N/A","#N/A","#N/A","#N/A","#N/A","#N/A","#N/A","#N/A","#N/A","#N/A","#N/A","#N/A","#N/A","#N/A","#N/A","#N/A"
76d49926-08f1-4e49-a719-a81ccad20591,"#N/A","#N/A","#N/A","#N/A","#N/A","#N/A","#N/A","#N/A","#N/A",Unav,"#N/A","#N/A",case,"#N/A","#N/A","#N/A","#N/A","#N/A","#N/A","#N/A","#N/A","#N/A","#N/A","#N/A","#N/A","#N/A","#N/A","#N/A","#N/A","#N/A","#N/A","#N/A","#N/A","#N/A","#N/A"
946e86e4-efef-47cb-b996-d5ec736f6077,"#N/A","#N/A","#N/A","#N/A","#N/A","#N/A","#N/A","#N/A","#N/A",Nigam,"#N/A","#N/A",Sam,"#N/A","#N/A","#N/A","#N/A","#N/A","#N/A","#N/A","#N/A","#N/A","#N/A","#N/A","#N/A","#N/A","#N/A","#N/A","#N/A","#N/A","#N/A","#N/A","#N/A","#N/A","#N/A"
d388f6b1-abaf-43f1-8386-eec86f842bac,0aeab24a-b146-4744-863b-4d0b205d34a0,"#N/A","#N/A","#N/A","#N/A","#N/A",vishnu@gmail.com,"#N/A",215165165564,vishnu,"#N/A","#N/A",Sharma,"#N/A",Jaipur,India,"#N/A","#N/A","#N/A",302020,rajasthan,Kalyan,(755) 456-8798,"#N/A","#N/A","#N/A","#N/A","#N/A","#N/A","#N/A","#N/A","#N/A",(965) 325-6897,Mr.,Manwild
d56e2503-c542-4ce5-88b7-2cc5a060058e,"#N/A","#N/A","#N/A","#N/A","#N/A","#N/A","#N/A","#N/A","#N/A",Reveal,"#N/A","#N/A",Sam,"#N/A","#N/A","#N/A","#N/A","#N/A","#N/A","#N/A","#N/A","#N/A","#N/A","#N/A","#N/A","#N/A","#N/A","#N/A","#N/A","#N/A","#N/A","#N/A","#N/A","#N/A","#N/A"
dd6efe52-fea5-4b3d-b51e-92de87d385d0,"#N/A","#N/A","#N/A","#N/A","#N/A","#N/A","#N/A","#N/A","#N/A",Krish,"#N/A","#N/A",singh,"#N/A","#N/A","#N/A","#N/A","#N/A","#N/A","#N/A","#N/A","#N/A","#N/A","#N/A","#N/A","#N/A","#N/A","#N/A","#N/A","#N/A","#N/A","#N/A","#N/A","#N/A","#N/A"
e645b411-1c72-43a8-a0b0-2145a8c3e55e,"#N/A","#N/A","#N/A","#N/A","#N/A","#N/A","#N/A","#N/A","#N/A",Unav,"#N/A","#N/A",case,"#N/A","#N/A","#N/A","#N/A","#N/A","#N/A","#N/A","#N/A","#N/A","#N/A","#N/A","#N/A","#N/A","#N/A","#N/A","#N/A","#N/A","#N/A","#N/A","#N/A","#N/A","#N/A"
